Ticker,Nama,Sektor,Industri,Indeks,Harga,MCap_MiliarUSD,Tanggal_Data,Bar,Basis,Periode_Lapkeu,Earnings_Berikut,Hari_Ke_Earnings,Nilai20H_JutaUSD,VolSpike,LolosLikuiditas,EV_EBITDA,PE_TTM,PB,PE_Fwd,EBITDA_EV,E_P,FCF_Yield,Z_Value,ROIC,ROE,GrossMargin,GM_Stabilitas5T,NetDebt_EBITDA,Akrual,ROA_Variabilitas5T,OCF_Laba,F_Score,Z_Altman,Cakupan_Bunga,Z_Quality,Ret12_1,Ret6_1,Mom_RiskAdj,Z_Momentum,RS_Rating,Vol1T,Beta,MaxDD1T,Z_LowVol,Rev_CAGR3,EPS_CAGR3,Target_Rata,Target_Upside,Target_Revisi,Rekom_Rata,Jumlah_Analis,Surprise_Terakhir,Z_Growth,Insider_Net90H_JutaUSD,Insider_Beli90H_JutaUSD,Insider_Jual90H_JutaUSD,Insider_Pembeli90H,Insider_ClusterBuy,Insider_Net_PctMCap,Insider_Terakhir,Institusi_Pct,Institusi_Delta,Short_PctFloat,Short_Ratio,Z_SmartMoney,DivYield,Buyback_Yield,Shareholder_Yield,Rev_YoY,Laba_YoY,Dilusi_YoY,MA50,MA150,MA200,MA200_Naik,High52,Low52,ATR14,RSI14,RS_vs_SPX,RS_HighBaru,TrendTemplate,Flag,Keyakinan
KSS,Kohl's Corp.,Consumer Discretionary,Broadline Retail,SP600,19.53,2.21,2026-10-05,500.0,TTM-4Q,2026-08-01,,,70.0,1.33,True,2.1,8.2,0.53,12.5,47.4,12.2,46.7,3.0,8.8,6.7,41.2,1.0,0.39,-8.1,2.2,5.01,8.0,1.7,999.0,0.22,20.5,46.2,0.48,0.7,78.0,69.7,2.07,-51.8,-2.55,,,18.73,-4.1,,3.29,13.0,,-0.42,0.0,0.0,0.0,0.0,False,0.0,2026-08-03,107.6,0.03,34.75,7.0,0.04,2.53,0.0,2.53,-2.9,29.8,3.5,18.34,16.1,16.88,False,25.22,11.38,0.92,62.0,12.4,False,False,ZONA-BAHAYA;SHORT-TINGGI,100.0
DXC,DXC Technology,Information Technology,IT Consulting & Other Services,SP600,11.66,1.86,2026-10-05,500.0,TTM-4Q,2026-06-30,2026-10-29,18.0,32.7,2.46,True,1.7,15.0,0.61,3.9,59.7,6.7,67.2,3.0,8.2,4.0,,4.5,0.76,-10.3,2.3,11.94,6.0,1.18,4.2,-0.27,-14.1,-8.5,-0.2,-1.12,39.0,57.9,1.04,-46.7,0.11,,,11.21,-3.8,,,7.0,-11.4,-1.12,0.0,0.0,0.0,0.0,False,0.0,,116.2,-0.02,17.83,10.7,0.14,0.0,14.6,14.6,-2.4,-67.3,-10.1,11.05,10.75,11.64,False,15.68,7.9,0.54,57.5,10.7,False,False,ZONA-BAHAYA,100.0
EIX,Edison International,Utilities,Electric Utilities,SP500,54.24,20.87,2026-10-05,500.0,TTM-4Q,2026-03-31,2026-10-29,18.0,283.6,0.93,True,6.6,5.9,1.21,8.3,15.0,17.0,-3.1,3.0,8.2,20.9,,,4.42,-2.7,1.5,1.69,6.0,,3.4,0.8,9.0,-21.7,-0.16,-0.77,15.0,38.7,0.23,-36.0,-1.36,,,65.57,20.9,,3.12,14.0,27.0,0.86,0.0,0.0,0.0,0.0,False,0.0,2026-07-13,96.0,0.06,5.29,2.3,0.36,6.2,0.14,6.33,13.1,30.1,0.3,63.85,69.5,68.16,False,81.62,51.1,2.02,38.9,-30.9,False,False,,100.0
SKYW,"SkyWest, Inc.",Industrials,Passenger Airlines,SP600,96.06,3.73,2026-10-05,500.0,TTM-4Q,2026-06-30,,,35.0,0.91,True,5.7,9.1,1.35,,17.6,11.0,23.2,3.0,9.0,15.3,,8.3,1.77,-7.4,2.1,2.31,6.0,1.79,5.9,-0.56,-3.8,3.7,-0.0,-0.51,40.0,37.1,1.04,-27.9,0.19,,,,,,,,,-0.15,-12.86,0.0,12.86,0.0,False,-0.345,2026-08-03,,,,,-0.21,0.0,-0.07,-0.07,9.1,0.5,-4.2,102.12,94.86,96.67,False,117.72,77.89,2.89,43.2,-5.2,False,False,ZONA-BAHAYA;INSIDER-JUAL,100.0
CTVA,Corteva,Materials,Fertilizers & Agricultural Chemicals,SP500,12.39,8.27,2026-10-05,500.0,TTM-4Q,2026-06-30,2026-11-03,21.0,528.2,14.75,True,3.8,8.2,0.33,3.0,26.2,12.2,7.6,3.0,3.7,4.0,49.5,2.5,0.89,-0.5,0.8,1.2,6.0,1.06,999.0,0.22,40.9,5.7,0.13,-0.36,1.0,184.1,0.47,-86.8,-2.22,,,19.5,57.4,,1.5,2.0,2.9,-0.2,0.0,0.0,0.0,0.0,False,0.0,,92.1,-0.03,3.53,4.3,0.12,5.85,12.71,18.57,3.7,-28.0,-1.9,77.32,79.86,77.88,True,90.97,11.74,6.0,6.4,-86.2,False,False,ZONA-BAHAYA,100.0
TDC,Teradata,Information Technology,IT Consulting & Other Services,SP600,29.91,2.78,2026-10-05,500.0,TTM-4Q,2026-06-30,,,45.1,1.22,True,10.7,6.1,4.69,,9.4,16.5,26.5,3.0,15.9,119.1,60.8,0.8,-1.86,-17.8,2.3,1.66,7.0,1.42,5.1,0.77,31.0,11.0,0.33,-0.41,52.0,64.2,0.7,-35.2,0.58,,,,,,,,,-0.36,0.0,0.0,0.0,0.0,False,0.0,2026-09-15,,,,,0.15,0.0,5.1,5.1,1.0,316.4,0.2,28.71,29.59,29.78,False,41.78,20.33,0.94,57.8,-20.8,False,False,ZONA-BAHAYA,100.0
CRI,"Carter's, Inc.",Consumer Discretionary,"Apparel, Accessories & Luxury Goods",SP600,32.32,1.19,2026-10-05,500.0,TTM-4Q,2026-07-04,2026-11-02,20.0,47.6,0.78,True,3.3,6.1,1.15,8.8,30.3,16.4,24.7,3.0,15.1,20.7,48.6,1.1,-0.26,-5.3,2.4,1.71,7.0,2.76,6.8,0.44,15.4,-6.5,0.09,-0.09,30.0,49.5,0.95,-33.1,-0.14,,,42.29,30.8,,,7.0,320.6,1.07,0.0,0.0,0.0,0.0,False,0.0,,114.0,0.4,19.1,3.9,0.39,3.08,0.0,3.08,5.2,43.6,0.5,34.46,36.39,36.34,False,44.44,27.15,1.16,52.1,-21.7,False,False,,100.0
DLX,Deluxe Corporation,Industrials,Commercial Printing,SP600,22.67,1.04,2026-10-05,500.0,TTM-4Q,2026-06-30,2026-11-04,22.0,10.1,1.3,True,6.0,10.3,1.47,5.6,16.7,9.7,20.1,3.0,8.4,14.9,52.5,2.4,3.35,-7.9,0.7,3.01,7.0,1.81,2.2,0.5,32.2,-9.6,0.29,-0.22,45.0,39.7,1.04,-29.4,0.07,,,32.25,42.3,,2.0,4.0,7.0,-0.26,0.0,0.0,0.0,0.0,False,0.0,,93.4,0.06,12.25,9.0,0.28,5.42,0.0,5.42,0.3,73.6,2.7,24.23,25.5,25.37,True,32.07,17.76,0.69,37.5,-10.1,False,False,GOODWILL,100.0
AMN,"Amn Healthcare Services, Inc.",Health Care,Health Care Services,SP600,36.84,1.43,2026-10-05,500.0,TTM-4Q,2026-06-30,2026-11-05,23.0,22.2,1.0,True,5.3,13.6,1.92,39.3,18.9,7.4,30.8,2.99,8.6,15.6,27.8,1.8,1.12,-16.0,8.3,4.49,7.0,3.07,5.6,0.04,70.9,80.0,1.18,0.74,95.0,64.2,0.76,-28.7,-0.4,,,36.14,-1.9,,2.56,7.0,307.8,3.0,0.0,0.0,0.0,0.0,False,0.0,,124.8,0.02,10.68,6.2,0.18,0.0,0.0,0.0,24.0,,3.4,34.31,28.62,26.02,True,37.22,14.97,1.2,66.5,6.9,False,True,GOODWILL,90.0
TRN,"Trinity Industries, Inc.",Industrials,Construction Machinery & Heavy Transportation Equipment,SP600,26.39,2.1,2026-10-05,500.0,TTM-4Q,2026-06-30,,,21.1,1.32,True,6.8,6.2,1.84,,14.7,16.1,16.3,2.86,8.4,31.5,26.2,3.2,4.81,-0.6,0.8,1.14,7.0,,999.0,-1.02,5.3,-11.2,-0.08,-0.77,21.0,34.8,0.91,-32.9,0.21,,,,,,,,,-0.51,0.0,0.0,0.0,0.0,False,0.0,,,,,,0.07,4.7,2.5,7.2,-18.9,251.7,-1.6,29.37,32.19,31.6,True,38.31,24.76,0.84,33.2,-24.9,False,False,,100.0
M,Macy's,Consumer Discretionary,Broadline Retail,SP400,22.51,5.88,2026-10-05,500.0,TTM-4Q,2026-08-01,,,159.5,1.01,True,3.5,7.8,1.19,9.4,28.7,12.8,24.1,2.75,12.0,16.0,40.7,0.5,0.56,-6.5,2.7,2.35,9.0,,999.0,0.19,26.8,24.9,0.63,0.93,65.0,40.8,0.96,-28.6,0.3,,,23.36,3.8,,2.92,11.0,,-0.06,0.0,0.0,0.0,0.0,False,0.0,,98.3,-0.19,15.23,5.4,-0.18,3.37,3.49,6.85,0.3,51.5,-1.4,23.19,21.55,21.58,True,26.59,16.41,0.79,48.9,-6.1,False,False,,100.0
ADT,ADT Inc.,Consumer Discretionary,Specialized Consumer Services,SP600,6.21,4.54,2026-10-05,500.0,TTM-4Q,2026-06-30,2026-11-05,23.0,54.6,0.78,True,4.6,7.4,1.3,6.3,21.7,13.5,43.4,2.75,8.1,17.2,,,2.91,-9.7,2.1,3.52,6.0,0.56,999.0,-0.04,-12.1,13.7,0.03,-0.05,18.0,29.0,0.7,-29.0,0.94,,,8.23,32.5,,,5.0,3.1,-0.31,0.0,0.0,0.0,0.0,False,0.0,,110.3,0.01,5.63,3.8,0.02,3.98,15.69,19.67,2.1,-1.6,,7.14,6.91,7.19,False,8.89,6.03,0.17,28.6,-13.3,False,False,ZONA-BAHAYA;GOODWILL,100.0
MMS,Maximus Inc.,Industrials,Data Processing & Outsourced Services,SP400,54.41,2.85,2026-10-05,500.0,TTM-4Q,2026-06-30,,,42.1,0.98,True,7.0,7.7,1.64,6.5,14.2,13.0,15.2,2.55,12.8,21.1,25.6,1.6,2.51,-2.2,2.0,1.27,7.0,2.91,6.5,-0.32,-34.7,-7.2,-0.58,-1.44,12.0,35.9,0.35,-46.5,0.31,,,92.5,70.0,,,2.0,,-0.72,0.0,0.0,0.0,0.0,False,0.0,2026-10-01,110.6,0.01,11.28,6.6,0.19,2.4,12.14,14.54,-3.3,17.3,-6.9,57.23,61.29,67.63,False,100.0,51.04,1.68,45.8,-7.6,False,False,GOODWILL,100.0
AVA,Avista Corporation,Utilities,Multi-Utilities,SP600,35.13,2.94,2026-10-05,500.0,TTM-4Q,2026-06-30,2026-11-04,22.0,25.9,1.33,True,4.9,13.0,1.04,12.6,20.4,7.7,-3.5,2.52,10.7,8.3,,,0.31,-3.8,0.1,2.41,7.0,,999.0,2.58,7.6,-5.9,0.04,-0.2,26.0,18.4,-0.06,-17.0,0.5,,,41.33,17.7,,2.86,6.0,75.9,0.42,-0.17,0.0,0.17,0.0,False,-0.006,2026-09-02,92.2,-0.22,6.9,6.2,-1.44,5.47,-3.43,2.04,-1.8,27.5,2.9,37.64,39.82,39.94,False,43.5,34.46,0.61,31.9,-17.8,False,False,,100.0
BBWI,"Bath & Body Works, Inc.",Consumer Discretionary,Other Specialty Retail,SP400,17.46,3.52,2026-10-05,500.0,TTM-4Q,2026-08-01,2026-11-19,33.0,115.6,1.91,True,4.4,4.5,,6.3,22.9,22.2,29.3,2.49,39.6,,44.1,2.1,1.94,-9.9,1.1,1.63,7.0,2.26,4.5,1.22,-22.9,7.0,-0.13,-0.38,18.0,60.8,1.38,-44.4,-1.33,,,24.06,37.8,,,16.0,154.9,-0.04,0.0,0.0,0.0,0.0,False,0.0,,106.1,0.37,8.05,2.3,0.36,4.6,4.18,8.78,-2.2,7.3,-4.3,18.51,19.18,19.89,False,27.4,14.28,0.8,50.5,-18.3,False,False,GOODWILL,100.0
ADNT,Adient,Consumer Discretionary,Automotive Parts & Equipment,SP600,17.24,1.33,2026-10-05,500.0,TTM-4Q,2026-06-30,2026-11-04,22.0,19.0,0.81,True,3.6,27.7,0.77,5.7,27.5,3.6,22.2,2.47,6.4,2.7,6.3,0.4,1.91,-6.0,4.7,12.06,7.0,1.84,2.3,-0.89,-21.3,-2.9,-0.23,-0.58,17.0,52.0,1.06,-37.8,-0.49,,,29.55,71.4,,1.92,11.0,-15.9,-0.43,-0.15,0.0,0.15,0.0,False,-0.011,2026-09-02,101.8,-0.12,10.61,8.4,-0.12,0.0,7.9,7.9,5.0,,-5.4,19.04,20.3,20.8,False,27.32,16.51,0.83,42.8,-13.4,False,False,GOODWILL,100.0
NFG,National Fuel Gas,Utilities,Gas Utilities,SP400,76.34,7.26,2026-10-05,500.0,TTM-4Q,2026-06-30,,,72.7,1.17,True,6.4,10.7,1.85,10.2,15.6,9.3,3.1,2.45,11.4,19.6,87.7,5.0,1.56,-6.3,2.2,1.88,6.0,,6.8,2.41,-7.1,-10.9,-0.45,-1.38,26.0,19.9,0.03,-20.9,0.2,,,93.0,21.8,,2.0,2.0,,3.0,0.0,0.0,0.0,0.0,False,0.0,,85.3,-0.01,6.27,11.0,0.19,2.73,0.0,2.73,15.1,177.3,5.0,81.14,83.46,83.47,False,97.06,75.03,1.55,31.0,-8.0,False,False,DILUSI,100.0
CF,CF Industries,Materials,Fertilizers & Agricultural Chemicals,SP500,116.02,17.56,2026-10-05,500.0,TTM-4Q,2026-06-30,2026-11-04,22.0,319.0,0.81,True,4.5,7.0,3.05,10.5,22.2,14.2,10.9,2.41,22.3,46.7,42.5,6.3,0.18,-3.3,7.6,1.19,9.0,3.6,18.6,1.9,56.6,6.2,0.74,0.53,71.0,42.6,-0.33,-25.4,1.56,,,127.69,10.1,,2.82,20.0,-15.1,-0.03,0.0,0.0,0.0,0.0,False,0.0,,109.0,0.05,7.73,3.6,0.17,1.79,5.46,7.24,20.0,58.6,-5.6,124.24,120.78,112.68,True,141.96,75.42,4.47,37.9,-2.6,False,False,,100.0
INVA,"Innoviva, Inc.",Health Care,Pharmaceuticals,SP600,20.64,1.49,2026-10-05,500.0,TTM-4Q,2026-06-30,,,22.3,0.95,True,,4.2,1.21,9.3,,24.0,12.7,2.3,10.4,36.7,72.2,3.2,,10.9,11.7,0.54,7.0,3.28,8.9,-1.07,20.9,-7.3,0.25,-0.68,43.0,27.5,0.12,-16.5,1.44,,,35.0,69.6,,1.8,5.0,,2.21,0.0,0.0,0.0,0.0,False,0.0,,108.9,-0.34,13.43,10.5,-0.04,0.0,3.54,3.54,18.8,824.3,-13.1,20.99,22.06,21.77,False,25.15,16.52,0.49,45.2,-10.5,False,False,,100.0
CHTR,Charter Communications,Communication Services,Cable & Satellite,SP500,107.77,13.07,2026-10-05,500.0,TTM-4Q,2026-06-30,2026-10-30,19.0,383.8,1.02,True,5.0,2.7,0.77,2.3,20.1,37.7,33.3,2.26,8.4,29.7,,,4.36,-7.5,0.1,3.34,6.0,0.58,999.0,-0.38,-43.9,-31.2,-0.69,-1.61,2.0,54.2,0.79,-61.9,-0.85,,,175.11,62.5,,3.0,19.0,5.9,-0.3,0.0,0.0,0.0,0.0,False,0.0,,88.8,0.01,38.75,5.2,0.32,0.0,36.4,36.4,-1.5,-6.5,-14.4,139.95,161.4,174.37,False,284.6,104.91,5.8,27.4,-24.7,False,False,ZONA-BAHAYA;GOODWILL;SHORT-TINGGI,100.0
CHRD,Chord Energy,Energy,Oil & Gas Exploration & Production,SP400,139.11,7.61,2026-10-05,500.0,TTM-4Q,2026-06-30,2026-11-03,21.0,104.4,0.79,True,3.1,9.0,0.91,8.7,32.3,11.1,,2.21,10.0,10.3,71.3,3.4,0.32,-13.2,12.8,3.05,7.0,1.89,12.1,1.07,58.3,5.9,0.81,-0.04,85.0,39.5,0.22,-24.8,0.43,,,173.12,24.5,,1.47,16.0,-1.2,0.3,-3.39,0.0,3.39,0.0,False,-0.045,2026-09-01,103.0,-0.0,8.25,5.4,0.18,3.9,4.05,7.95,19.2,219.1,-2.0,141.52,135.36,125.79,True,157.06,84.25,4.45,47.3,14.9,False,False,,100.0
PRGS,Progress Software Corporation,Information Technology,Systems Software,SP600,37.22,1.52,2026-10-05,500.0,TTM-4Q,2026-08-31,,,25.8,1.33,True,8.2,16.5,2.87,,12.2,6.1,21.0,2.2,8.0,18.3,82.2,1.6,3.47,-10.0,1.6,3.55,8.0,1.24,2.7,0.41,-3.7,57.1,0.49,0.2,41.0,54.0,0.72,-46.5,0.44,,,,,,,,,-0.35,0.0,0.0,0.0,0.0,False,0.0,2026-08-14,,,,,0.15,0.03,7.36,7.4,6.4,90.4,-5.1,41.93,35.26,36.76,False,47.37,23.82,1.88,36.1,-8.4,False,False,ZONA-BAHAYA;GOODWILL,100.0
CENTA,Central Garden & Pet Company (Class A),Consumer Staples,Household Products,SP600,34.26,2.12,2026-10-05,500.0,TTM-4Q,2026-06-27,2026-11-25,37.0,10.6,1.04,True,7.0,12.8,1.22,11.2,14.3,7.8,16.3,2.12,6.6,10.0,32.5,1.1,0.59,-6.0,0.8,2.35,8.0,2.59,4.4,-0.09,24.0,12.1,0.72,0.69,56.0,25.2,0.4,-17.4,0.61,,,46.25,35.0,,,4.0,0.6,-0.39,0.0,0.0,0.0,0.0,False,0.0,,96.9,-0.0,4.21,5.0,0.13,0.0,1.37,1.37,-1.2,20.1,-1.1,36.62,35.46,34.4,True,40.8,25.97,0.87,39.6,-11.7,False,False,,100.0
CNX,CNX Resources,Energy,Oil & Gas Exploration & Production,SP400,32.24,4.77,2026-10-05,500.0,TTM-4Q,2026-06-30,2026-10-29,18.0,71.3,1.03,True,3.7,5.0,0.98,8.5,27.0,19.9,11.0,2.12,15.7,21.2,,,1.18,-1.5,9.3,1.15,8.0,1.76,8.0,-0.0,14.2,-4.8,0.16,-0.87,28.0,28.5,0.36,-26.8,0.56,,,37.55,16.5,,3.08,11.0,29.4,1.83,0.0,0.0,0.0,0.0,False,0.0,,93.3,0.54,14.51,10.9,0.84,0.0,11.17,11.17,61.9,509.7,-10.4,34.94,36.05,36.51,False,43.62,30.78,0.88,37.1,-6.4,False,False,ZONA-BAHAYA,100.0
UAL,United Airlines Holdings,Industrials,Passenger Airlines,SP500,110.0,35.7,2026-10-05,500.0,TTM-4Q,2026-06-30,,,443.8,1.26,True,5.8,10.2,2.14,,17.3,9.8,7.1,2.12,9.1,23.3,,,1.25,-6.7,2.9,2.55,8.0,1.35,3.7,0.05,14.6,19.4,0.36,0.11,47.0,47.9,1.55,-27.5,-0.59,,,,,,,,,-0.16,-26.33,0.0,26.33,0.0,False,-0.074,2026-08-25,,,,,0.01,0.0,0.21,0.21,8.5,5.6,-0.2,115.69,108.26,109.11,True,138.77,84.64,3.87,46.2,-17.3,False,False,ZONA-BAHAYA;INSIDER-JUAL,100.0
RUN,Sunrun,Industrials,Building Products,SP600,7.61,1.83,2026-10-05,500.0,TTM-4Q,2026-06-30,,,63.7,1.26,True,18.9,4.5,0.53,,5.3,22.0,,2.12,0.4,12.6,,2.8,16.68,2.7,6.2,-0.5,6.0,0.04,999.0,-2.85,-53.4,-32.5,-0.52,-1.42,2.0,82.3,1.27,-64.5,-2.36,,,,,,,,,,-0.89,0.0,0.89,0.0,False,-0.049,2026-08-03,,,,,0.03,0.0,0.0,0.0,63.2,,4.9,9.03,11.68,13.49,False,22.44,7.45,0.43,36.1,-39.8,False,False,ZONA-BAHAYA,100.0
THC,Tenet Health,Health Care,Health Care Facilities,SP400,259.47,20.89,2026-10-05,500.0,TTM-4Q,2026-06-30,,,196.4,0.93,True,5.9,6.6,4.49,,17.0,15.2,14.5,2.11,19.4,75.5,,,2.04,-2.8,3.8,1.26,8.0,2.13,5.5,-0.06,29.6,38.5,0.8,0.24,85.0,42.3,0.87,-34.1,-0.1,,,,,,,,,-0.12,-49.99,0.0,49.99,0.0,False,-0.239,2026-09-14,,,,,-0.13,0.0,7.9,7.9,5.4,32.4,-8.5,262.26,216.4,213.79,True,283.05,157.58,7.78,50.7,19.9,False,False,GOODWILL;INSIDER-JUAL,100.0
GPOR,Gulfport Energy Corporation,Energy,Oil & Gas Exploration & Production,SP600,157.84,2.79,2026-10-05,500.0,TTM-4Q,2026-06-30,,,47.6,1.14,True,3.7,5.6,1.53,6.1,27.1,17.8,,2.08,21.0,27.7,76.3,11.6,0.92,-11.1,33.8,1.69,7.0,3.2,11.9,1.42,-2.9,-11.6,-0.22,-1.36,18.0,33.7,0.34,-32.5,0.21,,,214.85,36.1,,2.21,13.0,,,-0.2,0.26,0.46,1.0,False,-0.007,2026-09-24,121.9,-0.01,8.52,5.2,0.19,0.0,0.0,0.0,35.2,,0.2,166.36,176.72,181.95,False,225.78,149.18,4.84,43.4,-8.6,False,False,,100.0
GAP,Gap Inc.,Consumer Discretionary,Apparel Retail,SP400,23.3,8.18,2026-10-05,500.0,TTM-4Q,2026-08-01,,,140.9,1.06,True,3.3,6.6,2.07,8.8,30.5,15.2,11.7,2.04,23.8,33.8,43.3,2.5,-0.45,-2.3,3.3,1.23,8.0,2.85,18.1,0.36,5.8,-10.5,-0.05,-0.33,63.0,47.2,1.07,-36.0,-0.28,,,26.51,13.8,,2.29,19.0,,-0.08,-1.53,0.0,1.53,0.0,False,-0.019,2026-09-30,66.4,0.08,13.92,3.0,0.07,3.04,7.38,10.42,1.1,40.3,-4.5,21.17,22.22,23.5,False,29.36,18.11,0.84,61.9,17.9,False,False,,100.0
EXE,Expand Energy,Energy,Oil & Gas Exploration & Production,SP500,86.43,20.01,2026-10-05,500.0,TTM-4Q,2026-06-30,,,315.5,0.68,True,3.5,7.2,1.03,10.1,28.6,13.9,13.4,1.97,12.5,14.9,,,0.46,-10.3,42.1,2.03,8.0,2.59,16.8,0.53,-6.1,-3.2,-0.15,-1.18,21.0,31.2,0.13,-30.4,0.57,,,125.0,44.6,,1.54,27.0,,3.0,0.0,0.0,0.0,0.0,False,0.0,,96.4,-0.02,4.14,3.8,0.18,3.82,2.9,6.73,59.3,1250.0,-0.9,92.92,95.51,98.31,False,126.62,83.25,2.29,38.4,-6.9,False,False,,100.0
R,Ryder,Industrials,Cargo Ground Transportation,SP400,235.94,9.05,2026-10-05,500.0,TTM-4Q,2026-06-30,,,63.6,1.53,True,4.9,18.2,3.14,,20.3,5.5,7.6,1.93,7.5,16.7,,1.7,2.19,-12.0,1.3,4.94,6.0,1.53,2.7,0.41,32.0,20.6,0.78,0.78,62.0,33.7,0.98,-18.4,0.63,,,,,,,,,-0.57,0.0,0.0,0.0,0.0,False,0.0,,,,,,0.07,1.64,6.69,8.32,1.1,-2.0,-7.0,248.39,242.02,231.98,True,284.25,157.67,5.75,43.2,-14.4,False,False,ZONA-BAHAYA,100.0
UHS,Universal Health Services,Health Care,Health Care Facilities,SP500,176.05,10.55,2026-10-05,500.0,TTM-4Q,2026-06-30,,,141.6,0.73,True,5.7,6.9,1.4,,17.6,14.5,8.0,1.92,13.0,21.0,,,1.76,-1.8,1.8,1.18,7.0,,13.1,-0.38,-17.3,-6.4,-0.37,-1.36,36.0,32.5,0.51,-42.0,0.26,,,,,,,,,-0.11,0.0,0.0,0.0,0.0,False,0.0,,,,,,0.09,0.47,10.02,10.49,10.0,21.0,-7.8,173.01,168.76,180.58,False,246.33,140.08,4.97,52.1,5.4,False,False,,100.0
G,Genpact,Industrials,Data Processing & Outsourced Services,SP400,33.52,5.63,2026-10-05,500.0,TTM-4Q,2026-06-30,,,67.1,1.05,True,7.2,9.7,2.16,7.4,13.9,10.3,10.2,1.88,15.5,22.4,36.5,0.3,0.76,-1.1,2.2,1.11,9.0,3.28,999.0,0.33,-7.0,1.8,-0.07,-0.62,32.0,39.2,0.67,-42.7,0.03,,,42.18,25.8,,2.25,11.0,,-0.25,-2.3,0.0,2.3,0.0,False,-0.041,2026-09-14,110.9,0.11,7.41,4.5,0.34,2.16,0.0,2.16,6.5,8.2,-3.7,35.18,34.13,36.48,False,48.64,26.85,1.1,45.2,8.8,False,False,,100.0
KMT,Kennametal,Industrials,Industrial Machinery & Supplies & Components,SP600,32.86,2.5,2026-10-05,500.0,TTM-4Q,2026-06-30,,,43.9,1.47,True,5.0,7.3,1.6,13.3,19.9,13.7,-3.2,1.87,17.0,24.0,41.2,4.1,0.96,12.1,3.0,-0.01,7.0,3.27,16.5,-0.78,40.6,-17.9,0.26,-0.32,68.0,44.2,0.7,-31.9,0.21,,,32.43,-1.3,,3.75,7.0,,1.57,-0.55,0.35,0.9,2.0,True,-0.022,2026-09-10,109.1,-0.04,16.41,5.1,1.08,2.43,0.4,2.83,19.8,267.7,-0.6,31.1,34.52,34.52,True,43.81,20.38,1.08,65.4,-4.9,False,False,,100.0
UGI,UGI Corp,Utilities,Gas Utilities,SP400,36.78,7.89,2026-10-05,500.0,TTM-4Q,2026-06-30,,,78.1,1.01,True,8.1,11.8,1.51,,12.3,8.5,2.4,1.8,8.9,13.3,,,3.58,-2.5,6.4,1.58,7.0,,2.7,1.12,20.2,5.3,0.52,1.12,59.0,24.3,0.06,-19.6,0.04,,,,,,,,,0.14,0.0,0.0,0.0,0.0,False,0.0,,,,,,0.15,4.08,0.27,4.35,-0.5,60.5,-0.1,36.96,36.14,36.65,False,41.34,31.62,0.79,47.7,0.6,False,False,,100.0
CTSH,Cognizant,Information Technology,IT Consulting & Other Services,SP500,58.17,27.56,2026-10-05,500.0,TTM-4Q,2026-03-31,2026-10-29,18.0,410.4,0.5,True,6.8,12.4,1.83,9.2,14.8,8.1,9.0,1.79,14.1,14.9,,,-0.24,-2.6,0.6,1.24,7.0,5.93,105.6,-0.28,-1.3,5.0,0.04,-0.73,55.0,41.7,0.96,-54.8,0.27,,,65.1,11.9,,2.21,25.0,-0.7,-0.66,0.0,0.0,0.0,0.0,False,0.0,2026-09-30,116.3,0.02,8.01,6.4,0.16,2.23,5.85,8.08,6.5,-5.4,-3.6,59.13,55.08,60.85,False,87.03,37.08,2.34,47.1,27.8,False,False,,100.0
MLKN,"MillerKnoll, Inc.",Industrials,Office Services & Supplies,SP600,20.64,1.42,2026-10-05,500.0,TTM-4Q,2026-08-29,,,15.7,0.87,True,7.4,14.5,1.05,9.1,13.5,6.9,8.1,1.77,5.6,7.4,39.5,2.1,3.26,-3.6,1.4,2.45,7.0,1.83,2.9,-0.37,32.6,59.2,0.96,1.27,76.0,47.7,1.38,-37.8,-0.74,,,33.0,59.9,,2.0,1.0,,,0.0,0.0,0.0,0.0,False,0.0,,99.3,-0.02,7.88,7.1,0.14,3.61,-0.58,3.03,1.2,,1.2,22.22,18.95,19.21,True,24.71,13.77,0.83,46.0,-2.3,False,False,,100.0
ZD,Ziff Davis,Communication Services,Advertising,SP600,55.98,1.92,2026-10-05,500.0,TTM-4Q,2026-06-30,,,41.9,0.63,True,4.1,3.0,0.86,,24.1,33.5,16.5,1.75,2.0,31.5,84.9,1.5,-2.59,5.2,4.8,0.7,7.0,2.04,999.0,-0.05,45.3,31.9,0.68,0.75,86.0,56.5,0.99,-33.8,-0.35,,,,,,,,,0.82,-0.43,0.0,0.43,0.0,False,-0.022,2026-08-18,,,,,-0.07,0.0,14.48,14.48,-0.7,873.6,-12.9,55.49,49.03,45.36,True,60.48,22.45,1.62,49.3,1.4,False,True,,100.0
RUSHA,Rush Enterprises,Industrials,Construction Machinery & Heavy Transportation Equipment,SP600,47.16,3.78,2026-10-05,500.0,TTM-4Q,2026-06-30,,,33.7,0.95,True,7.1,14.3,1.62,,14.1,7.0,9.2,1.73,11.2,11.8,19.7,0.7,0.03,-8.7,1.9,2.54,7.0,3.59,10.2,0.15,42.6,12.9,0.93,0.93,70.0,29.9,0.87,-17.9,0.85,,,,,,,,,-0.96,-9.09,0.0,9.09,0.0,False,-0.24,2026-08-03,,,,,-0.12,1.58,0.0,1.58,-5.9,-7.5,-0.3,50.79,48.15,46.79,True,55.74,30.45,1.29,40.2,-5.3,False,False,,100.0
PARR,"Par Pacific Holdings, Inc.",Energy,Oil & Gas Refining & Marketing,SP600,87.52,4.38,2026-10-05,500.0,TTM-4Q,2026-06-30,,,80.1,0.79,True,3.8,5.1,2.21,5.9,26.4,19.5,9.4,1.72,35.6,54.7,,4.3,0.43,7.2,8.8,0.65,8.0,4.4,16.9,1.24,132.9,26.5,1.37,0.69,96.0,58.3,-0.01,-26.7,0.0,,,85.86,-1.9,,1.57,7.0,,,-16.44,0.0,16.44,0.0,False,-0.375,2026-09-11,103.9,,12.76,5.5,-0.02,0.0,1.85,1.85,13.2,,-2.7,79.76,66.95,59.85,True,88.34,33.21,4.51,62.3,37.4,False,True,INSIDER-JUAL,100.0
FSLR,First Solar,Information Technology,Semiconductors,SP500,176.16,18.93,2026-10-05,500.0,TTM-4Q,2026-06-30,,,474.0,0.62,True,7.2,10.8,1.83,7.6,13.8,9.2,7.9,1.72,17.8,18.5,44.0,15.3,-0.71,-3.1,4.6,1.23,8.0,5.63,46.9,-0.77,-10.6,6.1,-0.04,-0.83,8.0,55.0,1.02,-45.9,0.21,,,275.87,56.6,,1.86,30.0,,0.18,-0.03,0.0,0.03,0.0,False,-0.0,2026-10-01,96.5,0.08,12.8,5.6,0.2,0.0,0.0,0.0,23.8,38.9,0.2,206.98,217.92,223.82,False,320.95,168.6,8.52,37.7,-25.3,False,False,,100.0
LDOS,Leidos,Industrials,Diversified Support Services,SP500,119.45,14.99,2026-10-05,500.0,TTM-4Q,2026-07-03,,,163.9,1.31,True,8.7,10.9,2.84,9.4,11.5,9.2,14.4,1.71,14.9,27.7,17.8,1.5,2.27,-6.3,3.4,1.67,6.0,3.05,999.0,-0.07,-30.8,-16.7,-0.68,-1.68,17.0,34.8,0.81,-49.5,-0.21,,,157.73,32.0,,2.35,15.0,,-0.45,-1.55,0.0,1.55,0.0,False,-0.01,2026-09-01,84.8,0.07,4.78,4.6,0.29,1.44,4.02,5.46,3.4,-1.9,-3.1,130.63,134.09,146.92,False,205.77,98.86,3.62,36.0,6.2,False,False,GOODWILL,100.0
KBR,"KBR, Inc.",Industrials,Diversified Support Services,SP400,34.52,4.35,2026-10-05,500.0,TTM-4Q,2026-07-03,,,55.0,1.05,True,7.3,10.3,2.66,8.5,13.7,9.7,8.2,1.62,13.1,27.2,14.5,1.4,2.49,0.2,4.1,0.96,6.0,2.48,5.0,-0.8,-19.8,-0.4,-0.3,-0.97,22.0,33.6,0.73,-36.1,0.33,,,44.29,28.3,,2.0,7.0,,-0.74,0.0,0.0,0.0,0.0,False,0.0,,107.3,0.27,8.75,8.2,0.66,1.95,3.54,5.49,-3.6,16.2,-1.6,36.73,36.02,37.6,False,48.13,29.94,1.06,38.0,-9.2,False,False,GOODWILL,100.0
BLKB,Blackbaud,Information Technology,Application Software,SP600,43.31,1.97,2026-10-05,500.0,TTM-4Q,2026-06-30,2026-10-28,17.0,19.3,1.35,True,9.9,13.0,29.33,7.3,10.1,7.7,16.7,1.59,16.3,215.6,59.6,2.4,3.58,-7.2,5.2,2.25,7.0,1.14,3.4,0.07,-23.2,24.7,0.02,-0.57,61.0,48.0,0.78,-60.9,0.08,,,51.5,18.9,,2.25,4.0,4.2,-1.44,-1.91,0.0,1.91,0.0,False,-0.097,2026-09-01,110.9,-0.03,12.58,9.7,-0.24,0.0,11.48,11.48,0.7,,-7.0,44.52,38.07,42.36,False,70.71,25.58,1.62,49.4,38.7,False,False,ZONA-BAHAYA;GOODWILL,100.0
DAL,Delta Air Lines,Industrials,Passenger Airlines,SP500,83.08,54.64,2026-10-05,500.0,TTM-4Q,2026-06-30,2026-10-09,4.0,610.5,1.03,True,7.8,13.8,2.5,10.2,12.8,7.2,,1.58,12.9,20.1,,,1.02,-5.1,2.4,2.06,6.0,1.47,999.0,0.27,39.5,18.5,0.74,0.69,73.0,39.0,1.19,-22.9,0.15,,,102.06,22.8,,1.32,24.0,4.5,-0.16,-33.08,0.0,33.08,0.0,False,-0.061,2026-08-05,80.7,-0.02,4.01,5.1,0.09,0.91,0.0,0.91,10.3,-11.9,0.9,84.04,77.9,75.86,True,95.68,55.03,2.37,51.6,-9.5,False,False,EARNINGS-DEKAT;ZONA-BAHAYA;INSIDER-JUAL,100.0
HPQ,HP Inc.,Information Technology,"Technology Hardware, Storage & Peripherals",SP500,31.47,28.38,2026-10-05,500.0,TTM-4Q,2026-07-31,,,513.8,0.56,True,8.0,11.6,,10.0,12.4,8.6,13.7,1.57,31.8,,19.9,1.0,1.2,-5.2,4.2,1.9,7.0,1.64,8.2,-0.13,25.5,70.6,1.06,1.05,91.0,45.3,1.18,-35.6,0.64,,,29.66,-5.7,,,17.0,,-0.37,0.0,0.0,0.0,0.0,False,0.0,2026-08-07,95.6,-0.34,9.4,4.5,-0.05,3.86,4.32,8.17,8.1,-7.2,-2.8,30.7,24.75,23.66,True,36.23,17.56,1.35,49.3,32.3,False,True,ZONA-BAHAYA;GOODWILL,100.0
HCSG,"Healthcare Services Group, Inc.",Industrials,Environmental & Facilities Services,SP600,21.19,1.45,2026-10-05,500.0,TTM-4Q,2026-06-30,,,15.3,1.08,True,7.7,11.8,2.8,17.2,12.9,8.5,10.2,1.56,24.7,24.7,17.1,0.9,-0.99,-3.9,1.0,1.25,9.0,6.89,999.0,0.65,31.3,15.5,0.58,0.41,60.0,40.6,1.04,-19.9,0.35,,,27.0,27.4,,1.86,6.0,,2.85,-0.36,0.0,0.36,0.0,False,-0.025,2026-08-04,112.8,-0.01,5.39,5.3,0.14,0.0,6.31,6.31,5.2,1037.2,-4.5,21.98,21.57,21.1,True,25.75,15.13,0.55,45.4,-16.2,False,False,,90.0
KFY,Korn/Ferry International,Industrials,Human Resource & Employment Services,SP600,71.71,3.91,2026-10-05,500.0,TTM-4Q,2026-07-31,,,51.3,1.22,True,7.2,14.0,1.96,11.2,13.8,7.2,8.1,1.55,11.9,14.4,,0.3,-0.86,-3.3,1.8,1.44,9.0,3.37,999.0,0.37,26.6,36.2,1.08,1.43,58.0,29.2,0.75,-16.8,1.02,,,90.25,25.9,,1.4,4.0,,-0.21,-0.98,0.0,0.98,0.0,False,-0.025,2026-09-23,96.0,-0.51,5.4,4.9,-0.75,2.78,2.71,5.49,6.9,11.9,-1.9,80.53,72.01,70.51,True,87.51,58.95,1.91,28.0,-4.9,False,False,,100.0
CI,Cigna,Health Care,Health Care Services,SP500,271.29,71.69,2026-10-05,500.0,TTM-4Q,2026-06-30,2026-11-05,23.0,461.9,0.92,True,7.6,11.5,1.68,8.1,13.2,8.7,,1.54,11.0,15.0,20.6,4.0,1.94,-2.6,0.7,1.65,7.0,2.77,7.2,-1.44,-2.0,4.4,0.04,-0.82,36.0,33.7,0.22,-21.4,1.06,,,342.29,26.2,,1.75,24.0,2.4,-0.28,0.0,0.0,0.0,0.0,False,0.0,2026-09-03,92.2,0.0,2.77,4.7,0.17,2.27,1.48,3.75,7.8,27.9,-1.6,278.6,279.92,279.93,True,315.47,239.51,7.29,45.0,-8.7,False,False,GOODWILL,100.0
GEN,Gen Digital,Information Technology,Systems Software,SP500,22.28,13.34,2026-10-05,500.0,TTM-4Q,2026-07-03,,,304.8,0.98,True,8.0,12.7,5.02,6.7,12.5,7.9,11.6,1.53,13.2,41.9,78.0,2.3,2.91,-3.2,3.7,1.49,7.0,1.3,999.0,0.25,13.8,63.3,0.98,0.98,25.0,39.3,0.9,-35.6,0.97,,,32.56,46.1,,2.2,9.0,,0.09,-15.49,0.0,15.49,0.0,False,-0.116,2026-09-04,93.9,0.03,6.54,6.3,-0.28,2.33,4.5,6.83,20.2,76.4,-3.4,27.92,24.42,24.57,False,31.65,17.78,1.2,30.4,-19.7,False,False,ZONA-BAHAYA;GOODWILL;INSIDER-JUAL,100.0
ANIP,"ANI Pharmaceuticals, Inc.",Health Care,Pharmaceuticals,SP600,72.58,1.59,2026-10-05,500.0,TTM-4Q,2026-06-30,2026-11-06,24.0,31.0,0.84,True,6.5,14.7,2.66,7.0,15.4,6.8,10.9,1.53,13.8,21.0,,4.8,-0.25,-5.7,4.9,1.75,7.0,2.52,4.8,-0.27,-19.2,-6.7,-0.42,-1.42,20.0,31.2,0.47,-26.4,0.75,,,105.78,45.7,,1.78,9.0,8.2,-0.11,-0.24,0.0,0.24,0.0,False,-0.015,2026-09-29,107.1,0.05,13.21,7.0,0.19,0.02,1.4,1.42,30.9,,7.9,75.21,77.87,78.47,False,97.0,69.58,2.2,44.9,-18.5,False,False,DILUSI,100.0
SCSC,"ScanSource, Inc.",Information Technology,Technology Distributors,SP600,61.01,1.23,2026-10-05,500.0,TTM-4Q,2026-06-30,,,16.5,0.95,True,10.2,15.6,1.35,,9.8,6.4,9.3,1.5,7.3,8.7,13.6,0.7,0.11,-2.4,0.3,1.56,8.0,3.7,15.0,-1.17,32.1,56.8,1.16,1.11,89.0,38.4,1.29,-22.7,1.11,,,,,,,,,-0.42,-5.48,0.0,5.48,0.0,False,-0.446,2026-09-11,,,,,-1.58,0.0,7.97,7.97,6.1,10.2,-9.0,56.61,48.1,45.94,True,66.78,33.76,1.97,62.3,14.3,False,True,,100.0
SBH,"Sally Beauty Holdings, Inc.",Consumer Discretionary,Specialty Stores,SP600,16.04,1.5,2026-10-05,500.0,TTM-4Q,2026-06-30,,,22.2,1.16,True,5.2,7.8,1.72,,19.3,12.8,16.1,1.46,14.1,23.5,52.1,0.5,1.55,-6.3,0.9,1.92,7.0,2.89,999.0,0.4,1.6,23.2,0.29,0.37,66.0,42.9,1.01,-30.5,0.11,,,,,,,,,-0.33,0.0,0.0,0.0,0.0,False,0.0,,,,,,0.05,0.0,6.17,6.17,1.1,-0.9,-5.2,16.26,14.65,14.89,True,17.92,11.54,0.56,46.0,7.9,False,False,,100.0
DBD,Diebold Nixdorf,Information Technology,Electronic Equipment & Instruments,SP600,65.63,2.23,2026-10-05,500.0,TTM-4Q,2026-06-30,2026-11-04,22.0,15.9,1.63,True,7.8,20.0,2.3,9.3,12.8,5.0,,1.39,8.9,10.8,25.2,1.7,1.78,-4.3,7.1,2.46,7.0,1.9,2.7,-0.92,19.2,-12.6,0.08,-0.9,28.0,40.6,1.04,-33.6,0.9,,,98.33,49.8,,,3.0,-0.3,-1.35,0.05,0.05,0.0,1.0,False,0.002,2026-07-31,116.9,-0.13,18.1,12.6,0.08,0.0,9.52,9.52,5.4,,-5.9,68.83,76.39,75.25,False,92.08,54.48,2.18,51.5,-24.2,False,False,,100.0
MGM,MGM Resorts,Consumer Discretionary,Casinos & Gaming,SP500,30.17,7.59,2026-10-05,500.0,TTM-4Q,2026-06-30,,,175.8,1.03,True,5.3,17.8,3.02,14.6,18.9,5.6,19.7,1.39,10.5,15.5,,,1.67,-5.0,1.1,5.78,6.0,0.77,2.5,-0.27,18.4,9.4,0.36,0.42,8.0,38.7,1.03,-40.5,-0.09,,,49.33,63.5,,2.39,19.0,,-0.3,0.0,0.0,0.0,0.0,False,0.0,,68.0,-0.01,15.99,9.8,0.0,0.0,10.19,10.19,3.2,-21.1,-6.5,40.68,41.1,39.72,True,51.59,29.19,1.14,11.3,-37.6,False,False,ZONA-BAHAYA;GOODWILL,100.0
DVA,DaVita,Health Care,Health Care Services,SP500,178.72,11.4,2026-10-05,500.0,TTM-4Q,2026-06-30,2026-10-28,17.0,130.2,0.63,True,7.6,13.5,,10.4,13.2,7.4,14.1,1.37,16.5,,,,3.56,-7.6,0.9,2.59,6.0,1.7,999.0,0.23,37.5,21.0,0.66,-0.04,68.0,44.4,0.24,-27.9,0.6,,,219.86,23.0,,2.38,7.0,3.6,-0.34,-36.51,0.0,36.51,0.0,False,-0.32,2026-07-31,48.3,-0.04,13.25,7.2,-0.15,0.0,7.83,7.83,6.4,1.3,-14.6,188.33,185.64,170.38,True,247.49,101.0,5.07,44.9,-26.4,False,False,ZONA-BAHAYA;GOODWILL;INSIDER-JUAL,100.0
AEO,American Eagle Outfitters,Consumer Discretionary,Apparel Retail,SP600,18.11,3.03,2026-10-05,500.0,TTM-4Q,2026-08-01,2026-12-01,41.0,132.5,0.6,True,4.5,9.0,1.72,9.4,22.4,11.1,11.3,1.35,18.9,20.4,40.5,1.8,-0.14,-6.3,3.0,1.78,7.0,3.43,999.0,0.42,3.1,-1.3,0.02,-0.18,47.0,53.4,1.22,-47.5,-1.02,,,18.55,2.4,,2.93,11.0,259.1,1.24,-0.1,0.0,0.1,0.0,False,-0.003,2026-07-17,102.9,0.09,12.74,2.3,0.09,2.78,2.61,5.38,9.2,70.9,-0.9,16.76,17.16,19.19,False,28.46,14.06,0.72,63.2,5.8,False,False,,100.0
LEA,Lear,Consumer Discretionary,Automotive Parts & Equipment,SP400,121.33,5.98,2026-10-05,500.0,TTM-4Q,2026-07-04,,,82.0,0.89,True,5.2,10.8,1.16,7.2,19.1,9.3,14.2,1.34,8.6,10.8,6.9,0.3,1.18,-6.0,0.6,2.66,6.0,2.78,8.8,-0.73,31.1,12.0,0.62,0.86,51.0,34.5,0.58,-20.1,1.17,,,150.86,24.3,,2.44,14.0,,-0.04,-0.2,0.0,0.2,0.0,False,-0.003,2026-08-06,110.8,-0.0,6.05,3.8,0.0,2.7,7.56,10.26,3.5,18.3,-6.0,126.03,129.58,128.57,True,150.33,96.04,3.47,45.9,-10.9,False,False,,100.0
ADBE,Adobe Inc.,Information Technology,Application Software,SP500;NDX,238.79,92.94,2026-10-05,500.0,TTM-4Q,2026-08-28,2026-12-09,47.0,1350.8,0.58,True,9.2,12.8,7.9,8.6,10.9,7.8,11.4,1.34,42.2,61.9,89.3,0.6,-0.09,-12.0,2.2,1.48,8.0,7.2,35.7,2.03,-18.7,16.9,-0.02,-0.66,25.0,40.9,0.99,-46.3,0.54,,,275.06,15.2,,2.77,32.0,0.7,-0.48,-31.45,0.0,31.45,0.0,False,-0.034,2026-09-17,89.0,-0.01,5.21,3.6,0.01,0.0,10.0,10.0,12.0,4.7,-6.7,258.76,245.46,259.33,False,363.7,190.12,8.9,42.0,4.0,False,False,GOODWILL;INSIDER-JUAL,100.0
LRN,"Stride, Inc.",Consumer Discretionary,Education Services,SP600,78.88,3.28,2026-10-05,500.0,TTM-4Q,2026-06-30,,,58.6,1.2,True,4.7,9.7,2.01,8.5,21.1,10.3,13.2,1.32,17.5,21.7,37.8,1.5,-0.94,-4.0,3.1,1.28,6.0,5.48,999.0,0.24,-40.9,-4.0,-0.25,-0.61,20.0,88.9,0.24,-60.3,-1.38,,,109.0,38.2,,2.67,2.0,,0.04,0.0,0.0,0.0,0.0,False,0.0,,116.0,0.03,27.66,13.1,0.04,0.0,5.75,5.75,4.7,17.5,-2.2,82.61,87.56,84.66,True,155.06,60.61,2.32,44.6,-16.4,False,False,SHORT-TINGGI,100.0
VNT,Vontier,Information Technology,Electronic Equipment & Instruments,SP400,31.89,4.31,2026-10-05,500.0,TTM-4Q,2026-07-03,,,42.9,1.13,True,9.5,12.4,3.61,,10.6,8.1,8.9,1.27,14.2,29.1,,0.9,2.6,-2.7,0.8,1.33,7.0,2.93,999.0,-0.23,-20.8,-6.7,-0.43,-1.4,33.0,31.7,1.06,-35.6,1.03,,,,,,,,,-0.61,0.0,0.0,0.0,0.0,False,0.0,,,,,,0.15,0.33,9.16,9.5,0.9,-11.9,-5.7,32.48,32.54,34.17,False,48.2,27.25,0.8,50.9,8.0,False,False,GOODWILL,100.0
CRUS,Cirrus Logic,Information Technology,Semiconductors,SP400,121.35,6.08,2026-10-05,500.0,TTM-4Q,2026-06-27,2026-11-03,21.0,99.4,0.9,True,10.0,14.1,2.78,13.6,10.0,7.1,9.4,1.26,19.4,20.9,52.8,0.9,-1.54,-6.9,3.1,1.39,8.0,11.96,471.0,0.32,-10.7,-24.0,-0.47,-1.66,23.0,36.5,1.12,-39.4,0.75,,,165.0,36.0,,,4.0,1.4,-0.62,0.0,0.0,0.0,0.0,False,0.0,2026-09-21,107.4,-0.06,8.26,3.9,0.12,0.0,3.48,3.48,6.2,23.0,-1.8,119.74,142.92,139.82,False,180.42,106.26,3.31,55.1,-20.1,False,False,,90.0
ASO,Academy Sports + Outdoors,Consumer Discretionary,Specialty Stores,SP600,51.98,3.2,2026-10-05,500.0,TTM-4Q,2026-08-01,2026-12-08,46.0,107.8,1.27,True,4.8,8.1,1.47,7.3,21.0,12.4,10.4,1.25,17.7,18.6,35.8,0.3,0.27,-2.8,2.9,1.38,7.0,2.74,999.0,0.04,-16.9,-25.8,-0.48,-1.08,53.0,44.6,1.16,-29.9,-0.07,,,58.84,13.2,,2.1,19.0,11.0,-0.15,-5.63,0.0,5.63,0.0,False,-0.176,2026-09-15,122.5,0.12,20.46,3.6,0.02,1.13,8.76,9.89,3.7,6.7,-6.1,47.92,51.09,52.42,True,62.44,41.29,1.99,61.7,10.5,False,False,SHORT-TINGGI,100.0
FDX,FedEx,Industrials,Air Freight & Logistics,SP500,289.13,68.4,2026-10-05,500.0,TTM-4Q,2026-05-31,,,487.8,1.14,True,8.1,15.4,2.16,13.8,12.4,6.5,7.5,1.23,8.1,14.8,,0.5,1.11,-4.8,0.2,2.01,7.0,2.49,5.6,-0.01,68.2,12.6,1.4,1.6,68.0,28.9,0.97,-17.3,0.8,,,355.0,22.8,,1.79,26.0,,-0.19,0.0,0.0,0.0,0.0,False,0.0,,82.8,0.03,2.05,3.4,0.22,2.01,-0.29,1.72,7.7,8.3,-1.6,312.83,310.15,299.35,True,345.37,180.99,6.66,38.0,-10.8,False,False,,100.0
ITRI,"Itron, Inc.",Information Technology,Electronic Equipment & Instruments,SP600,87.79,3.84,2026-10-05,500.0,TTM-4Q,2026-06-30,,,57.1,1.53,True,12.8,14.0,2.38,12.6,7.8,7.1,10.0,1.21,8.5,17.0,39.9,3.3,2.26,-3.6,4.6,1.5,6.0,2.18,13.3,-0.74,-22.7,4.9,-0.19,-0.99,30.0,47.4,1.05,-43.5,0.44,,,129.56,47.6,,1.64,9.0,,-0.81,-0.9,0.0,0.9,0.0,False,-0.023,2026-09-03,125.0,-0.21,19.96,12.8,-0.06,0.0,6.46,6.46,-5.7,1.5,-3.8,96.21,89.72,91.75,False,142.0,77.77,2.6,36.8,0.3,False,False,GOODWILL,100.0
GDDY,GoDaddy,Information Technology,Internet Services & Infrastructure,SP500,99.74,12.63,2026-10-05,500.0,TTM-4Q,2026-06-30,,,264.5,0.58,True,11.2,13.9,1885.35,9.0,8.9,7.2,13.5,1.21,24.9,442.9,,,1.93,-10.1,5.5,1.9,7.0,1.38,8.4,0.55,-22.7,25.1,0.02,-0.56,46.0,49.4,0.7,-45.3,0.59,,,106.75,7.0,,2.39,16.0,,-0.38,-0.68,0.0,0.68,0.0,False,-0.005,2026-09-02,106.0,-0.05,8.4,4.5,0.1,0.0,12.93,12.93,7.4,12.6,-7.4,96.79,89.29,93.29,False,139.44,71.59,4.56,53.3,7.8,False,False,ZONA-BAHAYA;GOODWILL,100.0
CCK,Crown Holdings,Materials,Paper & Plastic Packaging Products & Materials,SP400,106.58,11.59,2026-10-05,500.0,TTM-4Q,2026-06-30,2026-10-19,10.0,115.9,0.95,True,8.1,14.8,4.04,11.8,12.3,6.8,10.3,1.21,12.5,27.2,,220.6,2.58,-6.5,3.3,2.2,7.0,,4.1,-0.57,20.7,12.7,0.66,0.53,49.0,25.5,0.61,-20.2,1.09,,,136.57,28.1,,1.73,14.0,15.3,0.37,0.0,0.0,0.0,0.0,False,0.0,2026-07-15,101.9,0.02,2.69,3.6,0.16,1.18,7.01,8.2,10.3,40.8,-5.2,114.98,107.47,107.45,True,122.91,89.21,2.36,35.7,-8.6,False,False,GOODWILL,100.0
WEN,The Wendy's Company,Consumer Discretionary,Restaurants,SP600,6.1,1.16,2026-10-05,500.0,TTM-4Q,2026-06-28,,,41.4,1.01,True,7.8,9.2,9.65,,12.8,10.8,22.7,1.19,7.4,108.0,63.0,1.7,5.26,-4.8,0.3,2.84,6.0,1.0,2.3,-0.09,-10.9,14.2,0.03,-0.1,10.0,58.9,0.59,-32.5,-0.1,,,,,,,,,-0.67,0.0,0.0,0.0,0.0,False,0.0,,,,,,0.05,9.17,1.39,10.56,-1.0,-34.4,-0.8,7.62,7.36,7.54,False,10.12,5.94,0.29,28.5,-24.3,False,False,ZONA-BAHAYA;GOODWILL,100.0
ABG,Asbury Automotive Group,Consumer Discretionary,Automotive Retail,SP600,171.83,3.08,2026-10-05,500.0,TTM-4Q,2026-06-30,2026-10-27,16.0,50.3,1.14,True,7.5,6.1,0.79,5.7,13.4,16.5,,1.19,8.2,13.2,17.1,1.2,3.92,-2.8,3.1,1.59,6.0,2.47,999.0,-1.05,-14.4,10.2,-0.06,-0.23,10.0,33.2,0.87,-32.9,0.51,,,258.36,50.4,,,11.0,8.1,-0.19,-0.24,0.0,0.24,0.0,False,-0.008,2026-07-29,107.6,-0.02,12.47,6.5,-0.02,0.0,9.41,9.41,4.1,-5.6,-7.1,206.09,201.9,210.28,False,258.75,167.3,7.34,30.5,-20.6,False,False,,100.0
INGR,Ingredion,Consumer Staples,Agricultural Products & Services,SP400,96.85,6.11,2026-10-05,500.0,TTM-4Q,2026-06-30,,,66.3,1.57,True,6.4,10.3,1.35,8.5,15.6,9.7,5.8,1.18,10.2,13.6,23.7,2.6,0.77,-2.7,2.8,1.36,6.0,3.63,999.0,-0.75,-13.0,-10.2,-0.65,-1.4,28.0,17.9,0.43,-21.0,0.74,,,121.5,25.5,,,6.0,,-0.42,-0.17,0.0,0.17,0.0,False,-0.003,2026-08-05,101.7,-0.06,8.03,8.0,0.05,3.44,0.0,3.44,-1.4,-12.4,-2.6,101.34,104.46,107.14,False,123.49,93.97,1.85,41.2,-5.2,False,False,,100.0
ARW,Arrow Electronics,Information Technology,Technology Distributors,SP400,240.22,12.23,2026-10-05,500.0,TTM-4Q,2026-07-04,2026-10-29,18.0,133.7,1.33,True,10.5,15.1,1.75,10.0,9.5,6.6,6.8,1.17,10.2,12.2,11.3,0.6,1.43,-0.4,2.0,1.15,8.0,1.73,999.0,-1.24,72.2,43.2,1.55,1.36,95.0,37.3,1.05,-18.7,1.44,,,235.0,-2.2,,,4.0,22.5,0.31,-0.21,0.0,0.21,0.0,False,-0.002,2026-09-03,105.9,0.01,3.73,2.9,0.15,0.0,1.04,1.04,26.1,73.7,-0.9,216.02,197.63,180.83,True,249.43,101.79,8.05,66.8,19.6,False,True,ZONA-BAHAYA,100.0
ABM,"ABM Industries, Inc.",Industrials,Environmental & Facilities Services,SP600,48.49,2.84,2026-10-05,500.0,TTM-4Q,2026-07-31,2026-12-16,52.0,28.5,0.75,True,10.3,17.1,1.59,11.1,9.7,5.9,11.0,1.17,7.0,9.2,12.0,,3.73,-4.5,1.3,2.45,6.0,2.76,3.0,-1.29,3.8,23.3,0.48,0.43,70.0,28.3,0.72,-22.0,0.92,,,55.93,15.3,,,7.0,2.6,-0.16,-0.18,0.0,0.18,0.0,False,-0.006,2026-07-16,102.4,-0.07,4.92,4.2,0.04,2.37,5.92,8.3,6.0,43.6,-5.6,48.41,43.86,44.07,True,51.29,36.96,1.13,48.2,3.6,False,False,GOODWILL,100.0
HRB,H&R Block,Consumer Discretionary,Specialized Consumer Services,SP400,42.0,5.18,2026-10-05,500.0,TTM-4Q,2026-06-30,,,92.9,1.03,True,5.4,7.1,44.07,6.1,18.5,14.2,14.6,1.15,50.5,710.9,44.3,0.5,0.5,-3.2,2.4,1.14,7.0,3.21,11.6,1.29,4.3,59.6,0.7,1.19,58.0,45.7,0.21,-45.6,0.28,,,51.67,23.0,,3.2,3.0,,0.07,-0.11,0.0,0.11,0.0,False,-0.002,2026-09-30,106.2,0.11,23.4,10.6,0.12,4.08,0.0,4.08,4.9,21.1,-6.2,47.07,39.01,38.8,True,58.67,28.16,1.54,37.6,1.8,False,False,GOODWILL;SHORT-TINGGI,100.0
CPB,The Campbell's Company,Consumer Staples,Packaged Foods & Meats,SP600,19.3,5.76,2026-10-05,500.0,TTM-4Q,2026-08-02,2026-12-09,47.0,152.4,0.97,True,9.9,14.3,1.5,10.5,10.1,7.0,11.8,1.14,6.0,10.4,28.1,,5.33,-4.2,1.7,2.58,6.0,1.47,2.6,-1.03,-26.4,2.2,-0.38,-0.82,11.0,32.0,0.15,-36.3,0.03,,,20.79,7.7,,3.3,17.0,0.7,-0.68,0.0,0.0,0.0,0.0,False,0.0,,63.1,-0.73,24.95,4.6,-0.76,8.17,0.45,8.62,-5.0,-33.1,0.0,21.98,21.73,23.17,False,32.09,19.1,0.69,33.7,-18.7,False,False,ZONA-BAHAYA;GOODWILL;SHORT-TINGGI,100.0
INTU,Intuit,Information Technology,Application Software,SP500;NDX,284.68,76.08,2026-10-05,500.0,TTM-4Q,2026-07-31,,,1091.1,0.8,True,12.1,16.7,4.01,10.5,8.3,6.0,11.4,1.13,17.1,23.6,,0.4,0.45,-11.6,1.3,1.94,7.0,4.57,23.0,0.44,-48.9,-16.9,-0.65,-1.69,6.0,50.6,0.47,-62.5,0.19,,,405.6,42.5,,2.06,31.0,,-0.16,-0.31,0.0,0.31,0.0,False,-0.0,2026-09-08,93.6,0.07,3.02,1.8,0.19,1.77,7.11,8.88,13.9,18.0,-2.1,323.14,346.09,391.79,False,689.17,252.84,12.42,39.6,-2.3,False,False,,100.0
SIG,Signet Jewelers,Consumer Discretionary,Specialty Stores,SP600,100.89,3.87,2026-10-05,500.0,TTM-4Q,2026-08-01,,,120.2,0.73,True,5.5,10.9,2.11,,18.3,9.2,13.9,1.12,20.1,19.9,39.1,0.3,-0.86,-6.2,4.3,1.96,8.0,3.35,999.0,0.54,-16.1,-6.5,-0.23,-0.59,73.0,49.8,1.01,-30.0,-0.1,,,,,,,,,0.66,0.0,0.0,0.0,0.0,False,0.0,,,,,,0.05,1.37,5.83,7.2,0.6,168.0,-4.4,93.59,89.04,89.54,True,110.2,71.62,4.08,56.4,16.7,False,False,,100.0
PLUS,"ePlus, Inc.",Information Technology,Technology Distributors,SP600,93.02,2.43,2026-10-05,500.0,TTM-4Q,2026-06-30,,,21.8,1.15,True,10.2,19.4,2.26,,9.8,5.2,,1.11,11.3,12.0,25.2,0.7,-2.31,3.6,1.3,0.47,6.0,4.69,999.0,-0.88,26.2,18.0,0.67,0.13,73.0,33.1,1.0,-20.7,1.51,,,,,,,,,-0.09,-0.04,0.0,0.04,0.0,False,-0.002,2026-10-01,,,,,0.14,1.1,2.02,3.12,16.5,4.5,-1.2,90.1,84.98,85.16,True,98.14,69.25,2.55,59.1,7.1,False,False,,100.0
LCII,LCI Industries,Consumer Discretionary,Automotive Parts & Equipment,SP600,82.58,2.01,2026-10-05,500.0,TTM-4Q,2026-06-30,,,30.7,1.22,True,6.2,9.5,1.4,8.7,16.0,10.5,14.3,1.1,9.7,15.0,25.7,1.4,1.5,-4.2,3.6,1.64,7.0,3.1,999.0,-0.49,12.5,-15.8,-0.04,-0.37,9.0,36.5,0.86,-46.1,-0.05,,,127.7,54.6,,,10.0,,0.12,0.0,0.0,0.0,0.0,False,0.0,,111.4,-0.06,12.25,7.4,-0.05,5.56,3.1,8.66,4.1,38.8,-3.0,97.64,107.31,115.22,False,159.66,81.16,2.77,29.5,-24.7,False,False,,100.0
OMCL,Omnicell,Health Care,Health Care Technology,SP600,34.64,1.58,2026-10-05,500.0,TTM-4Q,2026-06-30,,,17.0,0.74,True,9.6,40.4,1.22,16.6,10.4,2.5,9.0,1.1,2.9,3.1,44.8,2.5,-2.17,-6.9,1.6,4.64,9.0,2.53,999.0,-0.23,16.1,2.1,0.18,-0.68,24.0,50.1,0.91,-37.3,-0.41,,,57.86,67.0,,1.38,7.0,,0.01,0.0,0.0,0.0,0.0,False,0.0,2026-08-17,108.2,0.06,8.75,5.0,0.21,0.0,0.0,0.0,8.5,69.3,-1.5,35.11,38.44,40.1,False,55.0,29.06,1.1,54.4,-24.6,False,False,,100.0
BCO,Brink's,Industrials,Security & Alarm Services,SP400,102.76,4.23,2026-10-05,500.0,TTM-4Q,2026-06-30,2026-11-04,22.0,49.2,1.22,True,7.6,23.4,13.63,9.9,13.1,4.3,9.3,1.09,8.1,64.0,26.4,1.1,2.89,-5.3,0.6,3.1,9.0,1.64,2.3,-0.35,-7.7,3.1,-0.07,-0.61,34.0,33.4,0.7,-31.9,0.49,,,146.33,42.4,,1.0,3.0,4.4,-0.17,0.0,0.0,0.0,0.0,False,0.0,,113.5,-0.34,20.51,14.0,-0.43,1.0,2.59,3.59,8.1,11.2,-2.1,110.13,107.48,111.83,False,136.37,91.05,3.45,41.1,-4.6,False,False,ZONA-BAHAYA;GOODWILL;SHORT-TINGGI,100.0
PRDO,Perdoceo Education Corp.,Consumer Discretionary,Education Services,SP600,31.54,1.97,2026-10-05,500.0,TTM-4Q,2026-06-30,,,23.6,0.89,True,5.0,11.1,1.91,,20.1,9.0,11.0,1.09,15.9,17.6,,,-2.94,-3.7,1.5,1.27,7.0,6.51,34.1,0.53,-8.9,-11.7,-0.29,-0.73,28.0,35.5,0.52,-26.2,0.99,,,,,,,,,0.51,-0.36,0.0,0.36,0.0,False,-0.018,2026-09-15,,,,,0.04,0.0,4.49,4.49,11.7,14.7,-4.5,32.44,33.71,33.12,True,38.5,26.66,1.05,46.0,-13.4,False,False,,100.0
ROP,Roper Technologies,Information Technology,Electronic Equipment & Instruments,SP500;NDX,363.38,35.94,2026-10-05,500.0,TTM-4Q,2026-06-30,,,333.3,0.79,True,14.5,14.4,1.92,,6.9,7.0,,1.08,6.7,13.1,69.5,0.5,3.38,-0.5,5.2,1.07,7.0,2.45,5.9,-0.19,-14.4,17.6,0.05,-0.5,28.0,29.9,0.5,-39.2,1.36,,,,,,,,,-0.22,-3.08,0.0,3.08,0.0,False,-0.009,2026-07-27,,,,,0.12,1.03,0.0,1.03,10.9,62.7,-7.2,390.78,361.2,368.75,False,521.28,305.96,9.87,42.5,-3.6,False,False,GOODWILL,100.0
SAIC,Science Applications Intl Corp,Industrials,Diversified Support Services,SP400,126.9,5.32,2026-10-05,500.0,TTM-4Q,2026-07-31,,,55.7,0.96,True,10.2,14.0,3.7,,9.8,7.1,11.6,1.08,12.7,25.7,12.6,0.2,3.15,-5.3,1.4,1.74,7.0,2.94,999.0,-0.4,27.5,28.0,0.71,0.72,79.0,39.2,0.36,-27.8,0.81,,,,,,,,,-0.68,0.13,0.13,0.0,1.0,False,0.002,2026-09-22,,,,,0.07,1.26,8.63,9.89,-0.8,-4.8,-8.5,126.82,110.24,107.74,True,142.66,81.08,3.82,45.6,7.7,False,True,GOODWILL,100.0
UNFI,United Natural Foods Inc,Consumer Staples,Food Retail,SP600,44.53,2.69,2026-10-05,500.0,TTM-4Q,2026-08-01,,,32.6,1.16,True,8.2,32.0,1.66,,12.2,3.1,12.0,1.07,5.3,5.3,13.5,0.4,2.96,-6.2,1.8,6.43,6.0,5.11,1.7,-0.62,8.9,-3.9,0.06,-0.34,58.0,42.1,0.76,-27.0,-0.68,,,,,,,,,,0.0,0.0,0.0,0.0,False,0.0,,,,,,0.05,0.0,1.86,1.86,-2.0,,4.3,46.57,47.18,44.47,True,57.02,30.91,1.53,44.1,-9.1,False,False,,100.0
MD,Pediatrix Medical Group,Health Care,Health Care Services,SP600,26.1,2.12,2026-10-05,500.0,TTM-4Q,2026-06-30,,,20.5,1.25,True,9.6,12.1,2.41,10.7,10.4,8.2,,1.07,11.5,20.4,,,0.75,-3.4,4.4,1.41,7.0,2.35,6.3,-0.17,57.7,23.9,0.99,0.37,76.0,41.2,0.62,-23.7,0.44,,,26.33,0.9,,,6.0,,-0.08,0.0,0.0,0.0,0.0,False,0.0,,107.5,-0.34,8.3,6.5,-0.04,0.0,6.89,6.89,0.5,59.0,-4.8,26.37,23.98,23.31,True,27.94,15.7,0.81,49.1,-6.2,False,False,GOODWILL,100.0
PBI,"Pitney Bowes, Inc.",Industrials,Office Services & Supplies,SP600,16.81,2.3,2026-10-05,500.0,TTM-4Q,2026-06-30,,,31.5,0.88,True,11.4,12.3,,9.2,8.8,8.1,18.0,1.06,14.8,,,,4.93,-9.5,4.6,2.59,6.0,2.35,999.0,0.57,60.7,61.0,1.77,2.6,87.0,34.4,1.05,-23.3,0.39,,,19.56,16.4,,,5.0,,,-0.45,0.0,0.45,0.0,False,-0.02,2026-09-17,92.4,,0.01,0.0,0.06,2.36,20.68,23.04,-5.3,,-23.2,17.02,15.49,14.24,True,19.07,8.95,0.47,50.5,-4.8,False,False,GOODWILL,100.0
MUR,Murphy Oil,Energy,Oil & Gas Exploration & Production,SP400,38.39,5.5,2026-10-05,500.0,TTM-4Q,2026-06-30,,,65.4,1.04,True,4.1,18.7,1.05,12.1,24.3,5.3,,1.05,5.8,5.6,,1.7,0.67,-12.6,3.6,5.33,7.0,2.07,5.5,0.25,32.9,-8.8,0.25,-0.79,75.0,48.5,0.05,-25.6,0.29,,,40.21,4.8,,2.88,14.0,,-0.38,0.0,0.0,0.0,0.0,False,0.0,,92.5,0.0,9.94,6.4,0.21,3.51,0.01,3.52,7.8,3.3,2.0,36.82,37.28,35.96,True,43.34,26.49,1.38,56.2,12.7,False,False,,100.0
AES,AES Corporation,Utilities,Independent Power Producers & Energy Traders,SP500,14.9,10.63,2026-10-05,500.0,TTM-4Q,2026-06-30,2026-11-04,22.0,123.7,1.14,True,,5.7,2.15,6.3,,17.6,-16.2,1.05,,45.0,20.3,2.2,,-6.1,1.9,2.69,6.0,,1.5,0.04,8.6,5.7,0.25,0.54,57.0,28.0,0.6,-19.0,-0.6,,,15.0,0.7,,,8.0,-6.0,1.27,0.0,0.0,0.0,0.0,False,0.0,,91.5,-0.07,2.6,2.4,0.06,4.72,0.0,4.72,8.5,103.0,0.4,14.79,14.59,14.69,True,17.65,13.21,0.05,64.4,-1.7,False,False,UTANG-TAK-TERBACA,90.0
PBF,PBF Energy,Energy,Oil & Gas Refining & Marketing,SP400,84.16,10.19,2026-10-05,500.0,TTM-4Q,2026-06-30,,,311.2,0.81,True,4.8,7.5,1.59,5.3,20.9,13.3,7.3,1.04,18.8,23.5,3.9,4.5,0.37,-2.2,10.3,1.22,8.0,4.05,11.3,-0.11,156.6,64.2,1.69,1.26,98.0,65.4,0.45,-34.9,-0.96,,,75.69,-10.1,,3.36,13.0,,,-338.66,0.0,338.66,0.0,False,-3.324,2026-09-11,90.4,,12.56,3.6,-1.39,1.24,0.0,1.24,13.5,,5.5,72.13,54.1,48.54,True,85.08,25.62,4.69,66.4,67.6,True,True,DILUSI;INSIDER-JUAL,100.0
NEM,Newmont,Materials,Gold,SP500,115.82,122.04,2026-10-05,500.0,TTM-4Q,2026-06-30,,,799.3,0.6,True,7.4,14.2,3.46,11.3,13.4,7.0,8.0,1.04,21.7,25.5,,,-0.25,-7.1,6.1,1.47,8.0,4.81,999.0,2.49,52.3,16.1,0.68,0.5,77.0,50.4,1.02,-32.1,-0.23,,,137.74,18.9,,1.57,21.0,,0.62,-1.2,0.0,1.2,0.0,False,-0.001,2026-10-01,81.5,-0.09,1.83,2.1,0.08,0.9,3.61,4.51,25.2,37.0,-4.0,118.29,110.3,111.59,True,135.29,76.05,3.8,42.0,17.6,False,False,,100.0
CVS,CVS Health,Health Care,Health Care Services,SP500,87.01,111.28,2026-10-05,500.0,TTM-4Q,2026-06-30,2026-10-28,17.0,739.9,1.51,True,12.4,22.8,1.4,10.2,8.1,4.4,10.6,1.04,4.9,6.2,44.5,1.2,3.7,-3.9,1.1,3.02,7.0,2.43,2.7,-0.55,29.5,34.6,1.01,0.52,51.0,31.6,0.49,-22.6,0.83,,,116.28,33.6,,1.41,25.0,39.4,-0.06,0.0,0.0,0.0,0.0,False,0.0,,90.8,-0.01,1.27,2.8,0.16,3.07,0.0,3.07,7.4,7.9,1.3,94.49,90.84,87.73,True,110.68,69.51,2.13,39.0,-19.5,False,False,GOODWILL,100.0
SAH,"Sonic Automotive, Inc.",Consumer Discretionary,Automotive Retail,SP600,62.63,2.01,2026-10-05,500.0,TTM-4Q,2026-06-30,,,24.1,0.99,True,5.6,9.5,1.96,,17.9,10.5,12.2,1.03,19.1,20.6,15.7,0.4,2.59,0.7,2.2,0.8,6.0,3.26,999.0,-0.82,5.7,26.1,0.35,0.47,19.0,45.7,0.87,-46.6,-0.39,,,,,,,,,0.18,0.0,0.0,0.0,0.0,False,0.0,,,,,,0.05,-2.35,0.77,-1.58,5.3,34.3,-5.9,77.41,76.97,73.37,True,113.67,54.11,3.24,35.8,-30.7,False,False,,100.0
HON,Honeywell Technologies,Industrials,Industrial Conglomerates,SP500;NDX,214.14,67.87,2026-10-05,500.0,TTM-4Q,2026-06-30,,,607.8,0.59,True,10.1,8.3,3.66,21.7,9.9,12.1,5.9,1.01,11.9,47.4,39.8,1.2,2.71,4.0,0.9,0.62,6.0,2.61,999.0,-0.42,1.5,-12.5,-0.2,-0.99,41.0,27.2,0.73,-21.9,0.94,,,258.22,20.6,,2.0,23.0,,-0.17,-4.15,0.0,4.15,0.0,False,-0.006,2026-08-03,84.4,-0.1,2.34,2.7,-0.01,4.53,1.27,5.8,5.0,43.7,-0.6,220.95,230.06,230.47,True,260.28,195.87,4.24,52.8,-8.2,False,False,GOODWILL,100.0
ZBH,Zimmer Biomet,Health Care,Health Care Equipment,SP500,91.57,17.47,2026-10-05,500.0,TTM-4Q,2026-06-30,,,209.6,1.04,True,10.6,21.7,1.38,,9.4,4.6,8.7,1.01,5.2,6.4,69.9,1.3,3.06,-4.1,1.4,2.16,6.0,2.42,999.0,0.14,0.6,9.0,0.14,-0.67,46.0,33.3,0.4,-23.1,0.85,,,,,,,,,-0.19,-0.82,0.0,0.82,0.0,False,-0.005,2026-09-11,,,,,0.09,1.08,4.3,5.38,8.6,-2.0,-2.8,96.09,91.23,91.34,True,106.88,79.12,2.62,45.4,-1.2,False,False,,100.0
STZ,Constellation Brands,Consumer Staples,Distillers & Vintners,SP500,113.31,19.35,2026-10-05,500.0,TTM-4Q,2026-05-31,,,277.5,1.29,True,9.1,10.6,2.34,,11.0,9.4,9.5,1.01,11.3,23.5,52.6,1.1,3.2,-3.9,3.7,1.48,7.0,2.57,8.2,0.29,-5.4,-15.6,-0.35,-1.01,14.0,30.0,0.43,-31.4,-0.03,,,,,,,,,,0.0,0.0,0.0,0.0,False,0.0,,,,,,0.05,3.68,4.35,8.03,-10.0,,,126.69,139.81,143.1,False,168.6,110.6,2.77,26.7,-17.0,False,False,,100.0
BMY,Bristol Myers Squibb,Health Care,Pharmaceuticals,SP500,58.81,120.13,2026-10-05,500.0,TTM-4Q,2026-06-30,2026-10-29,18.0,794.4,1.6,True,9.1,12.9,5.38,9.0,11.0,7.7,9.5,1.0,15.5,46.7,70.2,1.8,1.95,-3.8,6.7,1.38,7.0,2.64,7.9,0.36,56.0,16.1,1.33,0.76,66.0,27.0,0.21,-12.7,1.47,,,66.71,13.4,,2.46,24.0,27.7,0.0,-0.44,0.0,0.44,0.0,False,-0.0,2026-09-09,84.8,-0.02,2.06,5.4,0.16,4.24,0.0,4.24,3.1,83.8,0.5,64.44,60.24,59.42,True,68.64,42.52,1.51,30.1,-2.1,False,False,,100.0
